inventory_id,product_id,store_id,stock_level,last_restock_date
1,1,1,129,2025-11-30
2,2,1,113,2025-11-11
3,3,1,85,2025-11-29
4,4,1,34,2025-11-14
5,5,1,58,2025-11-26
6,6,1,32,2025-11-07
7,7,1,142,2025-11-21
8,8,1,99,2025-11-18
9,9,1,44,2025-11-16
10,10,1,117,2025-11-27
11,11,1,28,2025-11-29
12,12,1,83,2025-11-11
13,13,1,112,2025-11-11
14,14,1,42,2025-12-01
15,15,1,18,2025-11-24
16,16,1,10,2025-11-24
17,17,1,112,2025-11-12
18,18,1,37,2025-11-25
19,19,1,116,2025-11-19
20,20,1,73,2025-11-24
21,21,1,105,2025-11-10
22,22,1,19,2025-11-15
23,23,1,10,2025-11-16
24,24,1,41,2025-11-06
25,25,1,51,2025-11-27
26,26,1,51,2025-11-23
27,27,1,94,2025-11-22
28,28,1,134,2025-11-30
29,29,1,24,2025-11-24
30,30,1,75,2025-11-02
31,31,1,93,2025-11-03
32,32,1,40,2025-11-21
33,33,1,86,2025-11-15
34,34,1,123,2025-11-24
35,35,1,76,2025-11-26
36,36,1,41,2025-11-25
37,37,1,77,2025-11-16
38,38,1,131,2025-11-03
39,39,1,140,2025-11-05
40,40,1,58,2025-12-01
41,41,1,24,2025-11-27
42,42,1,123,2025-11-25
43,43,1,141,2025-11-02
44,44,1,66,2025-11-16
45,45,1,102,2025-11-05
46,46,1,89,2025-11-26
47,47,1,58,2025-11-22
48,48,1,11,2025-11-10
49,49,1,50,2025-11-26
50,50,1,9,2025-11-23
51,51,1,86,2025-11-02
52,52,1,51,2025-11-13
53,53,1,21,2025-11-17
54,54,1,72,2025-11-13
55,55,1,71,2025-11-10
56,56,1,67,2025-11-27
57,57,1,82,2025-11-18
58,58,1,120,2025-11-03
59,59,1,5,2025-11-27
60,60,1,57,2025-11-21
61,61,1,71,2025-11-05
62,62,1,36,2025-11-21
63,63,1,57,2025-11-19
64,64,1,126,2025-11-27
65,1,2,15,2025-11-10
66,2,2,109,2025-11-09
67,3,2,130,2025-11-20
68,4,2,22,2025-11-17
69,5,2,138,2025-11-22
70,6,2,51,2025-11-17
71,7,2,126,2025-11-18
72,8,2,28,2025-11-07
73,9,2,143,2025-11-30
74,10,2,100,2025-11-21
75,11,2,138,2025-11-11
76,12,2,88,2025-11-06
77,13,2,18,2025-11-14
78,14,2,121,2025-11-24
79,15,2,54,2025-11-20
80,16,2,98,2025-11-26
81,17,2,148,2025-11-11
82,18,2,25,2025-11-08
83,19,2,128,2025-11-15
84,20,2,113,2025-11-30
85,21,2,64,2025-11-22
86,22,2,94,2025-11-07
87,23,2,125,2025-11-27
88,24,2,68,2025-11-23
89,25,2,44,2025-11-05
90,26,2,125,2025-11-08
91,27,2,26,2025-12-01
92,28,2,83,2025-11-24
93,29,2,48,2025-11-05
94,30,2,120,2025-11-07
95,31,2,113,2025-11-18
96,32,2,61,2025-11-21
97,33,2,95,2025-11-05
98,34,2,67,2025-11-14
99,35,2,47,2025-11-29
100,36,2,24,2025-11-09
101,37,2,8,2025-11-24
102,38,2,94,2025-11-07
103,39,2,58,2025-11-15
104,40,2,94,2025-11-28
105,41,2,131,2025-11-27
106,42,2,135,2025-11-22
107,43,2,48,2025-11-26
108,44,2,72,2025-11-22
109,45,2,31,2025-11-17
110,46,2,81,2025-11-09
111,47,2,68,2025-11-14
112,48,2,26,2025-12-01
113,49,2,65,2025-11-05
114,50,2,50,2025-11-11
115,51,2,74,2025-11-14
116,52,2,91,2025-11-16
117,53,2,67,2025-11-21
118,54,2,105,2025-11-16
119,55,2,75,2025-11-10
120,56,2,106,2025-11-08
121,57,2,79,2025-11-08
122,58,2,27,2025-11-07
123,59,2,92,2025-11-11
124,60,2,111,2025-11-06
125,61,2,88,2025-11-25
126,62,2,30,2025-11-17
127,63,2,110,2025-11-22
128,64,2,101,2025-11-06
129,1,3,49,2025-11-10
130,2,3,123,2025-11-27
131,3,3,12,2025-11-29
132,4,3,78,2025-11-09
133,5,3,90,2025-11-02
134,6,3,5,2025-11-07
135,7,3,149,2025-11-28
136,8,3,142,2025-11-06
137,9,3,17,2025-11-23
138,10,3,61,2025-11-12
139,11,3,67,2025-11-16
140,12,3,62,2025-11-27
141,13,3,133,2025-11-06
142,14,3,50,2025-11-20
143,15,3,125,2025-11-23
144,16,3,6,2025-11-03
145,17,3,149,2025-11-28
146,18,3,145,2025-11-06
147,19,3,39,2025-11-15
148,20,3,88,2025-11-08
149,21,3,25,2025-11-28
150,22,3,105,2025-11-16
151,23,3,83,2025-11-30
152,24,3,75,2025-11-16
153,25,3,122,2025-11-22
154,26,3,132,2025-11-03
155,27,3,43,2025-11-29
156,28,3,107,2025-11-05
157,29,3,127,2025-12-01
158,30,3,42,2025-11-20
159,31,3,102,2025-12-01
160,32,3,94,2025-11-04
161,33,3,108,2025-11-30
162,34,3,29,2025-11-22
163,35,3,22,2025-12-01
164,36,3,38,2025-11-19
165,37,3,122,2025-11-03
166,38,3,102,2025-11-15
167,39,3,21,2025-11-27
168,40,3,138,2025-11-10
169,41,3,138,2025-11-21
170,42,3,144,2025-11-13
171,43,3,31,2025-11-03
172,44,3,24,2025-11-04
173,45,3,90,2025-11-18
174,46,3,41,2025-11-07
175,47,3,38,2025-11-30
176,48,3,80,2025-12-01
177,49,3,108,2025-11-13
178,50,3,124,2025-11-18
179,51,3,81,2025-11-12
180,52,3,77,2025-11-17
181,53,3,141,2025-11-08
182,54,3,15,2025-11-27
183,55,3,53,2025-11-19
184,56,3,123,2025-11-16
185,57,3,78,2025-11-27
186,58,3,148,2025-11-02
187,59,3,22,2025-11-26
188,60,3,76,2025-11-16
189,61,3,105,2025-11-05
190,62,3,97,2025-11-19
191,63,3,48,2025-12-01
192,64,3,3,2025-11-14
193,1,4,63,2025-11-04
194,2,4,107,2025-11-07
195,3,4,89,2025-11-08
196,4,4,19,2025-11-19
197,5,4,86,2025-11-22
198,6,4,114,2025-11-02
199,7,4,149,2025-11-27
200,8,4,113,2025-11-02
201,9,4,8,2025-11-21
202,10,4,3,2025-11-22
203,11,4,64,2025-11-30
204,12,4,54,2025-11-06
205,13,4,145,2025-11-16
206,14,4,86,2025-11-18
207,15,4,89,2025-11-30
208,16,4,43,2025-11-12
209,17,4,4,2025-11-03
210,18,4,125,2025-11-28
211,19,4,98,2025-11-10
212,20,4,48,2025-11-24
213,21,4,84,2025-11-24
214,22,4,121,2025-11-12
215,23,4,115,2025-11-27
216,24,4,148,2025-11-05
217,25,4,132,2025-11-11
218,26,4,60,2025-11-24
219,27,4,85,2025-11-14
220,28,4,131,2025-11-28
221,29,4,126,2025-11-17
222,30,4,47,2025-11-18
223,31,4,45,2025-11-16
224,32,4,119,2025-11-28
225,33,4,18,2025-11-07
226,34,4,18,2025-11-05
227,35,4,41,2025-11-04
228,36,4,4,2025-11-16
229,37,4,25,2025-11-22
230,38,4,108,2025-11-25
231,39,4,86,2025-11-18
232,40,4,72,2025-11-20
233,41,4,55,2025-11-29
234,42,4,125,2025-11-19
235,43,4,58,2025-11-26
236,44,4,84,2025-11-13
237,45,4,85,2025-11-27
238,46,4,0,2025-11-14
239,47,4,136,2025-11-11
240,48,4,87,2025-11-22
241,49,4,83,2025-11-15
242,50,4,76,2025-11-03
243,51,4,35,2025-11-09
244,52,4,26,2025-11-14
245,53,4,17,2025-11-10
246,54,4,136,2025-11-29
247,55,4,134,2025-11-06
248,56,4,29,2025-11-23
249,57,4,122,2025-11-03
250,58,4,81,2025-11-15
251,59,4,133,2025-11-25
252,60,4,58,2025-11-26
253,61,4,37,2025-11-03
254,62,4,103,2025-11-23
255,63,4,0,2025-11-16
256,64,4,101,2025-11-09
257,1,5,122,2025-11-24
258,2,5,46,2025-11-20
259,3,5,9,2025-11-16
260,4,5,42,2025-11-08
261,5,5,135,2025-11-21
262,6,5,104,2025-11-06
263,7,5,6,2025-11-17
264,8,5,14,2025-11-16
265,9,5,130,2025-11-16
266,10,5,88,2025-12-01
267,11,5,141,2025-11-08
268,12,5,2,2025-11-23
269,13,5,30,2025-11-09
270,14,5,74,2025-11-14
271,15,5,16,2025-11-15
272,16,5,2,2025-11-05
273,17,5,54,2025-11-17
274,18,5,99,2025-11-24
275,19,5,121,2025-11-30
276,20,5,39,2025-11-02
277,21,5,24,2025-11-25
278,22,5,91,2025-11-23
279,23,5,122,2025-11-15
280,24,5,95,2025-12-01
281,25,5,90,2025-11-20
282,26,5,6,2025-11-08
283,27,5,130,2025-11-02
284,28,5,128,2025-11-13
285,29,5,97,2025-11-26
286,30,5,42,2025-11-09
287,31,5,52,2025-11-28
288,32,5,101,2025-11-21
289,33,5,0,2025-11-18
290,34,5,121,2025-11-11
291,35,5,33,2025-11-26
292,36,5,104,2025-11-18
293,37,5,121,2025-11-29
294,38,5,81,2025-11-12
295,39,5,59,2025-11-23
296,40,5,114,2025-11-04
297,41,5,32,2025-11-15
298,42,5,3,2025-11-05
299,43,5,15,2025-11-17
300,44,5,25,2025-11-26
301,45,5,36,2025-11-10
302,46,5,6,2025-11-22
303,47,5,29,2025-11-22
304,48,5,120,2025-11-17
305,49,5,5,2025-11-08
306,50,5,120,2025-11-12
307,51,5,142,2025-11-11
308,52,5,84,2025-11-14
309,53,5,132,2025-11-07
310,54,5,35,2025-11-22
311,55,5,87,2025-11-19
312,56,5,9,2025-11-10
313,57,5,69,2025-11-19
314,58,5,84,2025-11-21
315,59,5,117,2025-11-07
316,60,5,14,2025-11-30
317,61,5,142,2025-11-13
318,62,5,80,2025-11-12
319,63,5,5,2025-11-17
320,64,5,124,2025-11-15
321,1,6,119,2025-11-06
322,2,6,21,2025-11-23
323,3,6,63,2025-11-20
324,4,6,57,2025-11-09
325,5,6,36,2025-11-18
326,6,6,120,2025-11-04
327,7,6,48,2025-11-23
328,8,6,66,2025-11-07
329,9,6,102,2025-11-02
330,10,6,92,2025-11-29
331,11,6,86,2025-11-09
332,12,6,54,2025-11-14
333,13,6,138,2025-11-28
334,14,6,12,2025-11-28
335,15,6,127,2025-11-20
336,16,6,63,2025-11-13
337,17,6,75,2025-11-10
338,18,6,59,2025-11-30
339,19,6,55,2025-11-24
340,20,6,96,2025-11-29
341,21,6,54,2025-11-12
342,22,6,27,2025-11-04
343,23,6,7,2025-11-29
344,24,6,93,2025-11-07
345,25,6,93,2025-11-30
346,26,6,88,2025-11-15
347,27,6,58,2025-11-08
348,28,6,27,2025-12-01
349,29,6,61,2025-11-28
350,30,6,50,2025-11-25
351,31,6,22,2025-11-10
352,32,6,45,2025-11-06
353,33,6,77,2025-11-22
354,34,6,27,2025-11-08
355,35,6,6,2025-11-16
356,36,6,78,2025-11-15
357,37,6,2,2025-11-16
358,38,6,1,2025-11-25
359,39,6,120,2025-11-16
360,40,6,20,2025-11-23
361,41,6,139,2025-11-03
362,42,6,23,2025-12-01
363,43,6,42,2025-11-14
364,44,6,117,2025-11-27
365,45,6,122,2025-11-25
366,46,6,88,2025-11-18
367,47,6,115,2025-11-24
368,48,6,34,2025-11-20
369,49,6,78,2025-11-21
370,50,6,74,2025-11-20
371,51,6,144,2025-11-03
372,52,6,84,2025-11-24
373,53,6,78,2025-11-10
374,54,6,121,2025-11-22
375,55,6,27,2025-11-17
376,56,6,139,2025-11-21
377,57,6,119,2025-11-27
378,58,6,107,2025-11-08
379,59,6,62,2025-11-27
380,60,6,92,2025-11-22
381,61,6,79,2025-11-27
382,62,6,10,2025-11-13
383,63,6,89,2025-11-24
384,64,6,18,2025-11-12
385,1,7,117,2025-11-14
386,2,7,93,2025-11-09
387,3,7,139,2025-11-06
388,4,7,20,2025-11-11
389,5,7,28,2025-11-17
390,6,7,46,2025-11-20
391,7,7,57,2025-11-23
392,8,7,18,2025-11-20
393,9,7,22,2025-11-27
394,10,7,121,2025-11-06
395,11,7,116,2025-11-12
396,12,7,9,2025-11-10
397,13,7,10,2025-11-04
398,14,7,94,2025-11-24
399,15,7,127,2025-11-25
400,16,7,47,2025-11-04
401,17,7,15,2025-11-18
402,18,7,94,2025-11-23
403,19,7,47,2025-11-16
404,20,7,76,2025-11-03
405,21,7,103,2025-11-15
406,22,7,36,2025-11-26
407,23,7,28,2025-11-06
408,24,7,93,2025-11-10
409,25,7,109,2025-11-07
410,26,7,40,2025-11-14
411,27,7,43,2025-11-23
412,28,7,89,2025-11-05
413,29,7,108,2025-11-05
414,30,7,109,2025-11-22
415,31,7,130,2025-11-03
416,32,7,6,2025-11-14
417,33,7,15,2025-11-15
418,34,7,120,2025-11-26
419,35,7,88,2025-11-20
420,36,7,18,2025-11-29
421,37,7,121,2025-11-04
422,38,7,28,2025-11-21
423,39,7,69,2025-11-13
424,40,7,100,2025-11-19
425,41,7,89,2025-11-29
426,42,7,146,2025-11-15
427,43,7,34,2025-11-17
428,44,7,112,2025-11-19
429,45,7,121,2025-11-16
430,46,7,16,2025-11-27
431,47,7,14,2025-11-14
432,48,7,111,2025-11-18
433,49,7,141,2025-11-19
434,50,7,96,2025-11-26
435,51,7,118,2025-11-21
436,52,7,10,2025-11-07
437,53,7,47,2025-11-08
438,54,7,66,2025-11-07
439,55,7,85,2025-11-03
440,56,7,109,2025-11-06
441,57,7,89,2025-11-07
442,58,7,8,2025-11-24
443,59,7,6,2025-11-02
444,60,7,117,2025-11-30
445,61,7,57,2025-11-09
446,62,7,13,2025-11-19
447,63,7,117,2025-11-07
448,64,7,76,2025-11-27
449,1,8,123,2025-11-20
450,2,8,133,2025-11-06
451,3,8,127,2025-11-10
452,4,8,141,2025-11-24
453,5,8,23,2025-11-10
454,6,8,84,2025-11-21
455,7,8,62,2025-11-06
456,8,8,9,2025-11-19
457,9,8,105,2025-11-11
458,10,8,57,2025-11-18
459,11,8,72,2025-11-25
460,12,8,38,2025-11-06
461,13,8,143,2025-11-24
462,14,8,111,2025-11-13
463,15,8,142,2025-11-07
464,16,8,37,2025-11-23
465,17,8,78,2025-11-07
466,18,8,70,2025-11-06
467,19,8,71,2025-11-14
468,20,8,148,2025-11-16
469,21,8,110,2025-11-29
470,22,8,64,2025-11-19
471,23,8,117,2025-11-03
472,24,8,31,2025-11-20
473,25,8,94,2025-11-23
474,26,8,135,2025-11-05
475,27,8,24,2025-11-27
476,28,8,44,2025-11-30
477,29,8,2,2025-11-18
478,30,8,149,2025-11-24
479,31,8,32,2025-11-12
480,32,8,31,2025-11-17
481,33,8,16,2025-11-08
482,34,8,81,2025-11-08
483,35,8,2,2025-11-08
484,36,8,69,2025-11-15
485,37,8,117,2025-11-15
486,38,8,148,2025-11-16
487,39,8,16,2025-12-01
488,40,8,111,2025-11-26
489,41,8,71,2025-12-01
490,42,8,65,2025-11-17
491,43,8,36,2025-11-08
492,44,8,90,2025-11-12
493,45,8,110,2025-11-02
494,46,8,20,2025-11-22
495,47,8,36,2025-11-29
496,48,8,142,2025-11-14
497,49,8,93,2025-11-28
498,50,8,106,2025-11-12
499,51,8,78,2025-11-09
500,52,8,104,2025-11-17
501,53,8,139,2025-11-14
502,54,8,127,2025-11-14
503,55,8,120,2025-11-14
504,56,8,87,2025-11-26
505,57,8,78,2025-11-13
506,58,8,68,2025-11-28
507,59,8,9,2025-11-20
508,60,8,134,2025-11-20
509,61,8,1,2025-11-02
510,62,8,115,2025-11-15
511,63,8,68,2025-11-12
512,64,8,107,2025-11-25
513,1,9,69,2025-11-03
514,2,9,73,2025-11-13
515,3,9,79,2025-11-30
516,4,9,99,2025-11-23
517,5,9,57,2025-11-27
518,6,9,146,2025-11-07
519,7,9,2,2025-12-01
520,8,9,47,2025-11-25
521,9,9,132,2025-11-19
522,10,9,10,2025-11-18
523,11,9,21,2025-11-15
524,12,9,11,2025-11-11
525,13,9,54,2025-11-11
526,14,9,20,2025-11-13
527,15,9,87,2025-11-02
528,16,9,65,2025-11-05
529,17,9,58,2025-11-09
530,18,9,2,2025-11-08
531,19,9,115,2025-11-06
532,20,9,61,2025-11-14
533,21,9,125,2025-11-17
534,22,9,36,2025-11-10
535,23,9,112,2025-11-18
536,24,9,141,2025-11-23
537,25,9,4,2025-11-02
538,26,9,128,2025-11-29
539,27,9,19,2025-11-21
540,28,9,84,2025-11-02
541,29,9,41,2025-11-20
542,30,9,93,2025-11-27
543,31,9,73,2025-11-08
544,32,9,108,2025-11-03
545,33,9,114,2025-11-25
546,34,9,124,2025-11-26
547,35,9,122,2025-11-22
548,36,9,57,2025-11-21
549,37,9,9,2025-11-07
550,38,9,77,2025-11-17
551,39,9,38,2025-11-19
552,40,9,10,2025-11-18
553,41,9,15,2025-12-01
554,42,9,58,2025-11-22
555,43,9,50,2025-11-17
556,44,9,42,2025-11-05
557,45,9,55,2025-11-07
558,46,9,112,2025-11-04
559,47,9,114,2025-11-19
560,48,9,111,2025-11-28
561,49,9,7,2025-11-07
562,50,9,134,2025-11-05
563,51,9,80,2025-11-16
564,52,9,129,2025-11-15
565,53,9,120,2025-11-28
566,54,9,25,2025-11-18
567,55,9,71,2025-11-27
568,56,9,132,2025-11-27
569,57,9,90,2025-11-27
570,58,9,2,2025-11-26
571,59,9,93,2025-12-01
572,60,9,135,2025-11-19
573,61,9,111,2025-11-24
574,62,9,112,2025-11-24
575,63,9,78,2025-11-06
576,64,9,73,2025-12-01
577,1,10,112,2025-11-12
578,2,10,120,2025-12-01
579,3,10,72,2025-11-18
580,4,10,95,2025-11-27
581,5,10,68,2025-11-28
582,6,10,59,2025-11-16
583,7,10,73,2025-11-18
584,8,10,59,2025-11-28
585,9,10,127,2025-11-18
586,10,10,25,2025-11-08
587,11,10,136,2025-11-29
588,12,10,105,2025-11-17
589,13,10,23,2025-11-13
590,14,10,35,2025-11-27
591,15,10,33,2025-11-07
592,16,10,38,2025-11-13
593,17,10,22,2025-11-16
594,18,10,69,2025-11-06
595,19,10,58,2025-11-06
596,20,10,21,2025-11-19
597,21,10,110,2025-11-08
598,22,10,39,2025-11-11
599,23,10,93,2025-11-12
600,24,10,10,2025-11-11
601,25,10,8,2025-11-20
602,26,10,37,2025-11-13
603,27,10,130,2025-11-02
604,28,10,142,2025-11-17
605,29,10,132,2025-11-10
606,30,10,23,2025-11-21
607,31,10,120,2025-11-09
608,32,10,73,2025-11-07
609,33,10,120,2025-11-15
610,34,10,127,2025-11-20
611,35,10,89,2025-11-07
612,36,10,11,2025-11-08
613,37,10,2,2025-11-14
614,38,10,107,2025-11-08
615,39,10,15,2025-11-24
616,40,10,26,2025-11-05
617,41,10,69,2025-11-22
618,42,10,137,2025-11-03
619,43,10,135,2025-11-14
620,44,10,144,2025-11-06
621,45,10,105,2025-11-30
622,46,10,83,2025-11-22
623,47,10,8,2025-11-16
624,48,10,104,2025-11-07
625,49,10,88,2025-11-08
626,50,10,5,2025-11-02
627,51,10,122,2025-11-22
628,52,10,102,2025-11-14
629,53,10,32,2025-11-03
630,54,10,146,2025-11-09
631,55,10,68,2025-11-04
632,56,10,25,2025-11-03
633,57,10,5,2025-11-10
634,58,10,38,2025-11-09
635,59,10,3,2025-11-06
636,60,10,47,2025-11-04
637,61,10,25,2025-11-17
638,62,10,76,2025-11-24
639,63,10,85,2025-11-05
640,64,10,55,2025-11-25
641,1,11,80,2025-11-28
642,2,11,24,2025-11-30
643,3,11,126,2025-11-11
644,4,11,24,2025-11-07
645,5,11,21,2025-11-09
646,6,11,29,2025-11-06
647,7,11,102,2025-11-30
648,8,11,76,2025-11-03
649,9,11,72,2025-11-17
650,10,11,94,2025-11-20
651,11,11,94,2025-11-22
652,12,11,116,2025-11-27
653,13,11,6,2025-11-04
654,14,11,31,2025-11-12
655,15,11,10,2025-11-16
656,16,11,108,2025-11-04
657,17,11,47,2025-11-19
658,18,11,94,2025-11-03
659,19,11,32,2025-11-10
660,20,11,131,2025-11-05
661,21,11,46,2025-11-06
662,22,11,52,2025-11-02
663,23,11,26,2025-11-07
664,24,11,35,2025-11-15
665,25,11,100,2025-11-06
666,26,11,124,2025-11-05
667,27,11,22,2025-11-29
668,28,11,67,2025-11-04
669,29,11,104,2025-11-22
670,30,11,140,2025-12-01
671,31,11,52,2025-11-24
672,32,11,89,2025-11-09
673,33,11,115,2025-11-09
674,34,11,112,2025-11-10
675,35,11,114,2025-11-12
676,36,11,119,2025-11-04
677,37,11,52,2025-11-11
678,38,11,144,2025-11-26
679,39,11,141,2025-11-14
680,40,11,127,2025-11-15
681,41,11,37,2025-11-27
682,42,11,12,2025-11-16
683,43,11,136,2025-11-20
684,44,11,126,2025-11-22
685,45,11,76,2025-11-13
686,46,11,77,2025-11-16
687,47,11,119,2025-11-17
688,48,11,75,2025-11-27
689,49,11,74,2025-11-27
690,50,11,119,2025-11-08
691,51,11,138,2025-11-30
692,52,11,82,2025-11-06
693,53,11,25,2025-11-15
694,54,11,82,2025-11-20
695,55,11,83,2025-11-05
696,56,11,24,2025-11-04
697,57,11,36,2025-11-20
698,58,11,111,2025-12-01
699,59,11,1,2025-11-22
700,60,11,97,2025-11-07
701,61,11,36,2025-11-20
702,62,11,114,2025-11-14
703,63,11,140,2025-11-10
704,64,11,2,2025-11-11
705,1,12,39,2025-11-22
706,2,12,65,2025-11-04
707,3,12,10,2025-11-08
708,4,12,128,2025-11-06
709,5,12,41,2025-11-02
710,6,12,122,2025-11-03
711,7,12,91,2025-11-28
712,8,12,61,2025-11-22
713,9,12,11,2025-11-18
714,10,12,27,2025-11-30
715,11,12,106,2025-11-11
716,12,12,134,2025-11-14
717,13,12,94,2025-11-18
718,14,12,117,2025-11-02
719,15,12,102,2025-11-09
720,16,12,72,2025-11-09
721,17,12,61,2025-11-20
722,18,12,37,2025-11-06
723,19,12,38,2025-11-10
724,20,12,3,2025-11-16
725,21,12,134,2025-11-04
726,22,12,7,2025-11-04
727,23,12,123,2025-11-12
728,24,12,57,2025-11-07
729,25,12,34,2025-11-23
730,26,12,114,2025-11-19
731,27,12,38,2025-11-12
732,28,12,20,2025-11-03
733,29,12,46,2025-11-13
734,30,12,1,2025-11-20
735,31,12,29,2025-11-09
736,32,12,127,2025-11-09
737,33,12,39,2025-11-19
738,34,12,96,2025-11-04
739,35,12,23,2025-11-22
740,36,12,27,2025-11-02
741,37,12,116,2025-11-08
742,38,12,104,2025-11-03
743,39,12,97,2025-11-13
744,40,12,149,2025-11-07
745,41,12,77,2025-11-22
746,42,12,73,2025-11-24
747,43,12,13,2025-11-19
748,44,12,37,2025-11-11
749,45,12,61,2025-11-19
750,46,12,95,2025-11-29
751,47,12,60,2025-11-19
752,48,12,118,2025-11-09
753,49,12,82,2025-11-16
754,50,12,46,2025-11-17
755,51,12,113,2025-11-10
756,52,12,70,2025-11-12
757,53,12,71,2025-11-07
758,54,12,22,2025-11-22
759,55,12,10,2025-11-02
760,56,12,26,2025-11-11
761,57,12,66,2025-11-17
762,58,12,7,2025-11-09
763,59,12,76,2025-11-22
764,60,12,66,2025-11-12
765,61,12,34,2025-11-19
766,62,12,147,2025-11-08
767,63,12,54,2025-11-23
768,64,12,93,2025-11-07
769,1,13,143,2025-11-09
770,2,13,57,2025-11-04
771,3,13,75,2025-11-13
772,4,13,48,2025-11-03
773,5,13,117,2025-11-14
774,6,13,6,2025-11-19
775,7,13,121,2025-11-27
776,8,13,89,2025-11-30
777,9,13,36,2025-11-07
778,10,13,126,2025-11-07
779,11,13,102,2025-11-02
780,12,13,40,2025-11-28
781,13,13,82,2025-11-05
782,14,13,110,2025-11-25
783,15,13,23,2025-11-14
784,16,13,36,2025-11-11
785,17,13,24,2025-11-03
786,18,13,124,2025-11-19
787,19,13,91,2025-11-26
788,20,13,126,2025-11-06
789,21,13,113,2025-11-14
790,22,13,131,2025-11-04
791,23,13,77,2025-11-04
792,24,13,141,2025-12-01
793,25,13,42,2025-11-10
794,26,13,58,2025-11-03
795,27,13,40,2025-11-14
796,28,13,78,2025-11-05
797,29,13,29,2025-11-26
798,30,13,10,2025-11-04
799,31,13,65,2025-11-29
800,32,13,23,2025-11-19
801,33,13,127,2025-11-08
802,34,13,93,2025-11-21
803,35,13,86,2025-11-04
804,36,13,45,2025-11-04
805,37,13,92,2025-11-07
806,38,13,14,2025-11-19
807,39,13,57,2025-11-29
808,40,13,71,2025-11-17
809,41,13,97,2025-11-23
810,42,13,80,2025-11-23
811,43,13,64,2025-11-24
812,44,13,4,2025-11-02
813,45,13,27,2025-11-26
814,46,13,80,2025-11-14
815,47,13,86,2025-11-14
816,48,13,36,2025-11-05
817,49,13,24,2025-11-27
818,50,13,82,2025-11-05
819,51,13,76,2025-11-10
820,52,13,134,2025-11-06
821,53,13,26,2025-11-06
822,54,13,58,2025-11-24
823,55,13,90,2025-11-28
824,56,13,105,2025-11-28
825,57,13,145,2025-11-09
826,58,13,110,2025-11-19
827,59,13,139,2025-11-24
828,60,13,21,2025-11-05
829,61,13,115,2025-11-23
830,62,13,80,2025-11-05
831,63,13,56,2025-12-01
832,64,13,94,2025-11-09
833,1,14,5,2025-11-25
834,2,14,8,2025-11-22
835,3,14,31,2025-11-28
836,4,14,127,2025-11-16
837,5,14,139,2025-11-23
838,6,14,136,2025-11-03
839,7,14,16,2025-11-18
840,8,14,132,2025-11-06
841,9,14,128,2025-12-01
842,10,14,34,2025-11-23
843,11,14,86,2025-11-26
844,12,14,3,2025-11-12
845,13,14,146,2025-11-27
846,14,14,4,2025-11-04
847,15,14,105,2025-11-09
848,16,14,47,2025-11-09
849,17,14,37,2025-11-12
850,18,14,86,2025-11-18
851,19,14,92,2025-11-04
852,20,14,136,2025-11-25
853,21,14,49,2025-11-22
854,22,14,65,2025-11-19
855,23,14,37,2025-11-05
856,24,14,104,2025-11-12
857,25,14,15,2025-11-17
858,26,14,12,2025-11-14
859,27,14,101,2025-11-12
860,28,14,134,2025-11-09
861,29,14,87,2025-11-03
862,30,14,132,2025-11-21
863,31,14,64,2025-11-28
864,32,14,114,2025-11-14
865,33,14,86,2025-11-22
866,34,14,134,2025-11-20
867,35,14,12,2025-11-02
868,36,14,77,2025-11-21
869,37,14,123,2025-11-22
870,38,14,124,2025-11-26
871,39,14,12,2025-11-10
872,40,14,105,2025-11-20
873,41,14,140,2025-11-07
874,42,14,23,2025-11-04
875,43,14,28,2025-11-28
876,44,14,145,2025-11-04
877,45,14,4,2025-11-14
878,46,14,124,2025-11-27
879,47,14,70,2025-11-09
880,48,14,98,2025-11-20
881,49,14,51,2025-11-07
882,50,14,45,2025-11-24
883,51,14,43,2025-11-25
884,52,14,8,2025-11-20
885,53,14,99,2025-11-27
886,54,14,136,2025-11-25
887,55,14,109,2025-11-12
888,56,14,21,2025-11-05
889,57,14,144,2025-12-01
890,58,14,87,2025-11-17
891,59,14,32,2025-11-03
892,60,14,14,2025-11-05
893,61,14,111,2025-11-14
894,62,14,47,2025-11-24
895,63,14,133,2025-11-10
896,64,14,83,2025-11-30
897,1,15,149,2025-11-10
898,2,15,20,2025-11-26
899,3,15,122,2025-11-26
900,4,15,12,2025-12-01
901,5,15,149,2025-11-11
902,6,15,63,2025-11-23
903,7,15,149,2025-11-03
904,8,15,107,2025-11-20
905,9,15,89,2025-11-28
906,10,15,82,2025-11-16
907,11,15,127,2025-11-20
908,12,15,32,2025-11-09
909,13,15,148,2025-11-28
910,14,15,105,2025-11-19
911,15,15,71,2025-11-12
912,16,15,73,2025-11-04
913,17,15,73,2025-11-24
914,18,15,58,2025-11-17
915,19,15,55,2025-11-15
916,20,15,12,2025-11-20
917,21,15,34,2025-11-09
918,22,15,114,2025-11-03
919,23,15,55,2025-11-27
920,24,15,52,2025-11-27
921,25,15,119,2025-11-04
922,26,15,104,2025-11-26
923,27,15,105,2025-11-16
924,28,15,145,2025-11-21
925,29,15,50,2025-11-07
926,30,15,22,2025-11-17
927,31,15,74,2025-11-05
928,32,15,92,2025-11-10
929,33,15,55,2025-11-22
930,34,15,72,2025-11-29
931,35,15,136,2025-11-14
932,36,15,43,2025-11-09
933,37,15,148,2025-11-08
934,38,15,99,2025-12-01
935,39,15,44,2025-11-06
936,40,15,62,2025-11-26
937,41,15,28,2025-11-24
938,42,15,146,2025-11-08
939,43,15,55,2025-11-20
940,44,15,99,2025-11-09
941,45,15,140,2025-11-02
942,46,15,48,2025-11-13
943,47,15,114,2025-11-10
944,48,15,74,2025-11-25
945,49,15,138,2025-11-15
946,50,15,106,2025-11-17
947,51,15,114,2025-11-24
948,52,15,20,2025-11-17
949,53,15,2,2025-11-02
950,54,15,126,2025-11-29
951,55,15,61,2025-11-27
952,56,15,149,2025-11-18
953,57,15,44,2025-11-18
954,58,15,120,2025-11-20
955,59,15,118,2025-11-05
956,60,15,76,2025-11-08
957,61,15,116,2025-11-17
958,62,15,123,2025-11-10
959,63,15,47,2025-11-23
960,64,15,100,2025-11-17
961,1,16,560,2025-11-16
962,2,16,670,2025-11-21
963,3,16,135,2025-11-30
964,4,16,485,2025-11-04
965,5,16,635,2025-11-29
966,6,16,640,2025-11-08
967,7,16,415,2025-11-16
968,8,16,155,2025-11-15
969,9,16,85,2025-11-07
970,10,16,170,2025-11-24
971,11,16,495,2025-11-09
972,12,16,700,2025-11-18
973,13,16,705,2025-11-27
974,14,16,20,2025-11-05
975,15,16,745,2025-11-04
976,16,16,655,2025-11-14
977,17,16,505,2025-11-03
978,18,16,180,2025-11-29
979,19,16,735,2025-11-29
980,20,16,645,2025-11-12
981,21,16,285,2025-11-05
982,22,16,725,2025-11-02
983,23,16,525,2025-11-08
984,24,16,605,2025-11-11
985,25,16,510,2025-11-05
986,26,16,105,2025-11-03
987,27,16,295,2025-11-18
988,28,16,685,2025-11-12
989,29,16,635,2025-11-16
990,30,16,665,2025-11-15
991,31,16,25,2025-11-10
992,32,16,405,2025-11-04
993,33,16,205,2025-11-22
994,34,16,200,2025-11-10
995,35,16,390,2025-11-21
996,36,16,350,2025-11-14
997,37,16,165,2025-11-30
998,38,16,540,2025-11-21
999,39,16,90,2025-11-03
1000,40,16,95,2025-12-01
1001,41,16,575,2025-11-02
1002,42,16,405,2025-11-24
1003,43,16,15,2025-11-13
1004,44,16,650,2025-11-26
1005,45,16,455,2025-11-03
1006,46,16,185,2025-11-10
1007,47,16,665,2025-11-08
1008,48,16,600,2025-11-15
1009,49,16,525,2025-11-08
1010,50,16,340,2025-11-13
1011,51,16,205,2025-11-29
1012,52,16,645,2025-11-04
1013,53,16,580,2025-11-15
1014,54,16,345,2025-11-03
1015,55,16,530,2025-11-05
1016,56,16,340,2025-11-25
1017,57,16,670,2025-11-28
1018,58,16,740,2025-11-22
1019,59,16,405,2025-12-01
1020,60,16,705,2025-11-26
1021,61,16,225,2025-11-12
1022,62,16,490,2025-11-16
1023,63,16,235,2025-11-25
1024,64,16,195,2025-11-05
