store_id,store_name,city,store_type,square_footage,open_date
1,Ashbourne Regent Street,London,Flagship,8500,2018-04-12
2,Ashbourne Covent Garden,London,Boutique,3200,2019-08-21
3,Ashbourne Manchester,Manchester,Flagship,7100,2019-11-05
4,Ashbourne Edinburgh,Edinburgh,Boutique,2800,2020-02-14
5,Ashbourne Bicester,Bicester,Outlet,5500,2020-09-30
6,Ashbourne Birmingham,Birmingham,Boutique,3500,2021-03-10
7,Ashbourne Leeds,Leeds,Boutique,3100,2021-07-22
8,Ashbourne Glasgow,Glasgow,Boutique,3400,2021-10-15
9,Ashbourne Cheshire Oaks,Cheshire,Outlet,6200,2022-04-05
10,Ashbourne Bath,Bath,Boutique,2500,2022-08-19
11,Ashbourne York,York,Boutique,2200,2022-11-02
12,Ashbourne Bristol,Bristol,Boutique,2900,2023-03-12
13,Ashbourne Oxford,Oxford,Boutique,2600,2023-06-25
14,Ashbourne Cambridge,Cambridge,Boutique,2700,2023-09-18
15,Ashbourne Ashford,Ashford,Outlet,5800,2024-02-10
16,Ashbourne Online,Web,E-Commerce,0,2018-01-01
